issue	link text	url
2024-04	View	https://url.au.m.mimecastprotect.com/s/Ely0CoV1kpfllo48ls1PhNs?domain=t.e2ma.net
2024-05	View	https://url.au.m.mimecastprotect.com/s/m69-C6XQ4LfV0RGR4FpXWev?domain=t.e2ma.net
2024-06	View	https://url.au.m.mimecastprotect.com/s/fNetCVARKgC0jE491iGUv00?domain=t.e2ma.net
2024-08	View	https://url.au.m.mimecastprotect.com/s/f5jiCq71mwfLK7nY1UZfWuEM6vJ?domain=t.e2ma.net
2024-09	View	https://url.au.m.mimecastprotect.com/s/rRXxCWLVXkUz3GX3Dh6fPCoOaM1?domain=t.e2ma.net
2024-10	View	https://url.au.m.mimecastprotect.com/s/0_9lCYW8Noc6JKvL5H0fGFxbNFa?domain=t.e2ma.net
2024-11	View	https://url.au.m.mimecastprotect.com/s/xDzOCD1vlpTOM7rENIWf4HjbD6w?domain=t.e2ma.net
2025-01	View	https://url.au.m.mimecastprotect.com/s/PJh1CYW8Noc6QKBD9H0f2Sxan6_?domain=t.e2ma.net
2025-02	View	https://url.au.m.mimecastprotect.com/s/MCYGClx1NjizxDK3xFGfVTzUMk1?domain=t.e2ma.net
2025-03	View	https://url.au.m.mimecastprotect.com/s/QEmJC2xMQziErvr5WfnfYU5rDTW?domain=t.e2ma.net
2025-04	View	https://url.au.m.mimecastprotect.com/s/NLwICmO5gluWj4m0YCGfZcR7oLN?domain=t.e2ma.net
2025-05	View	https://url.au.m.mimecastprotect.com/s/NrhnCL7EwMfQXopkPuBf0fyipHr?domain=t.e2ma.net
2025-06	View	https://url.au.m.mimecastprotect.com/s/5e3BCp81lrtAMk6DXIPfmhGsf_2?domain=t.e2ma.net
2025-07	View	https://url.au.m.mimecastprotect.com/s/asK7C5QPXJi6knK23SzfZikM1tE?domain=t.e2ma.net
2025-08	View	https://url.au.m.mimecastprotect.com/s/m1p8C4QOPEiln8xXWTOf8s4f0U0?domain=t.e2ma.net
2025-09	View	https://url.au.m.mimecastprotect.com/s/zmfPCQnMBZfo2jwEAcxf8tG7MjS?domain=t.e2ma.net
2025-10	View	https://url.au.m.mimecastprotect.com/s/2ITGCJyBrGfAAWEDNUVfLuyjHEk?domain=t.e2ma.net
2025-11	View	https://url.au.m.mimecastprotect.com/s/i1jeC6XQ4Lf0QOwRVspfWC5LbuE?domain=t.e2ma.net
2026-01	View	https://url.au.m.mimecastprotect.com/s/EbFLCK1DvKTMz9plBsMfZH5_Ya-?domain=t.e2ma.net
2026-02	View	https://url.au.m.mimecastprotect.com/s/LKJ9CK1DvKTMoPgxRCMfRI5js11?domain=t.e2ma.net
2026-03	View	https://url.au.m.mimecastprotect.com/s/bSINC1WLPxckM8EvVHLfwSVI6Zl?domain=t.e2ma.net
2026-04	View	https://url.au.m.mimecastprotect.com/s/LwsUCq71mwfzRWOMOTZfvTEASPZ?domain=t.e2ma.net
2026-05	View	https://url.au.m.mimecastprotect.com/s/0OvGCANpgjCnY81NrsGfAUGSFI6?domain=t.e2ma.net
2026-06	View	https://url.au.m.mimecastprotect.com/s/KCjdCQnMBZf3nNn0zcxfocG_8xx?domain=t.e2ma.net
2026-07	View	https://url.au.m.mimecastprotect.com/s/PdEOCNLJyQUEQZy1ZCmfDfyJq7W?domain=t.e2ma.net
2026-08	View	https://url.au.m.mimecastprotect.com/s/PFKECANpgjCnDyprQSGf9mhGxwxw?domain=t.e2ma.net
2026-09	View	https://url.au.m.mimecastprotect.com/s/gdGeCnx1jnixKpyGjC9fQQiJasz9?domain=t.e2ma.net
